Coutry;City;Borough;Neighbourhood;Area;Population;Density
Malta;Valletta;Valletta;;0.8;6,444;8,055
Luxembourg;Luxembourg City;Beggen;;1.7091;3,746;2,192
Luxembourg;Luxembourg City;Belair;;1.718;11,494;6,690
Luxembourg;Luxembourg City;North Bonnevoie-Verlorenkost;;0.6776;4,296;6,340
Luxembourg;Luxembourg City;South Bonnevoie;;2.3921;12,734;5,323
Luxembourg;Luxembourg City;Cents;;1.731;6,316;3,649
Luxembourg;Luxembourg City;Cessange;;6.5783;4,479;681
Luxembourg;Luxembourg City;Clausen;;0.3606;963;2,671
Luxembourg;Luxembourg City;Dommeldange;;2.3556;2,587;1,098
Luxembourg;Luxembourg City;Eich;;0.6318;2,961;4,687
Luxembourg;Luxembourg City;Gare;;1.0526;10,741;10,204
Luxembourg;Luxembourg City;Gasperich;;4.4514;6,465;1,452
Luxembourg;Luxembourg City;Grund;;0.3003;931;3,100
Luxembourg;Luxembourg City;Hamm;;4.0762;1,495;367
Luxembourg;Luxembourg City;Hollerich;;1.6001;7,107;4,442
Luxembourg;Luxembourg City;Kirchberg;;3.3684;5,673;1,684
Luxembourg;Luxembourg City;Limpertsberg;;1.5707;10,435;6,644
Luxembourg;Luxembourg City;Merl;;2.4281;5,801;2,389
Luxembourg;Luxembourg City;Muhlenbach;;2.4281;1,966;810
Luxembourg;Luxembourg City;Neudorf-Weimershof;;2.4893;6,315;2,537
Luxembourg;Luxembourg City;Pfaffenthal;;0.3752;1,270;3,385
Luxembourg;Luxembourg City;Pulvermuhl;;0.2482;391;1,575
Luxembourg;Luxembourg City;Rollingergrund-North Belair;;6.3387;4,459;703
Luxembourg;Luxembourg City;Ville Haute;;1.059;3,460;3,267
Luxembourg;Luxembourg City;Weimerskirch;;1.1051;2,430;2,199
Cyprus;Nicosia;Ágios Dométios;Ágios Geórgios;3.29;9,267;2,817
Cyprus;Nicosia;Ágios Dométios;Ágios Pávlos;0.89;3,189;3,583
Cyprus;Nicosia;Aglantziá;Aglantziá;21.37;20,783;973
Cyprus;Nicosia;Engomi;Engomi;9.49;18,010;1,898
Cyprus;Nicosia;Géri;Géri;28.26;8,235;291
Cyprus;Nicosia;Lakatámeia;Agía Paraskeví;9.31;15,024;1,614
Cyprus;Nicosia;Lakatámeia;Ágios Mámas;0.45;986;2,191
Cyprus;Nicosia;Lakatámeia;Ágios Nikólaos;6.25;7,282;1,165
Cyprus;Nicosia;Lakatámeia;Archángelos - Anthoúpoli;11.43;15,053;1,317
Cyprus;Nicosia;Latsiá;Ágios Elefthérios;0.52;2,351;4,521
Cyprus;Nicosia;Latsiá;Ágios Geórgios;15.67;13,046;833
Cyprus;Nicosia;Latsiá;Archángelos Michaíl;0.36;1,377;3,825
Cyprus;Nicosia;Lefkosía;Ágioi Konstantínos kai Eléni;0.56;3,209;5,730
Cyprus;Nicosia;Lefkosía;Ágioi Omologitaí;1.87;10,528;5,630
Cyprus;Nicosia;Lefkosía;Ágios Andréas;1.67;5,767;3,453
Cyprus;Nicosia;Lefkosía;Ágios Antónios;1.01;5,801;5,744
Cyprus;Nicosia;Lefkosía;Ágios Ioánnis;0.12;221;1,842
Cyprus;Nicosia;Lefkosía;Ágios Kassianós;0.04;82;2,050
Cyprus;Nicosia;Lefkosía;Ágios Sávvas;0.07;581;8,300
Cyprus;Nicosia;Lefkosía;Aráp Achmét Pasiá;0.53;50;94
Cyprus;Nicosia;Lefkosía;Chrysaliniótissa;0.04;124;3,100
Cyprus;Nicosia;Lefkosía;Faneroméni;0.09;512;5,689
Cyprus;Nicosia;Lefkosía;Gení-Tzamí;0.21;215;1,024
Cyprus;Nicosia;Lefkosía;Kaïmaklí;6.65;11,564;1,739
Cyprus;Nicosia;Lefkosía;Nempét Chané;0.03;189;6,300
Cyprus;Nicosia;Lefkosía;Omerié;0.1;206;2,060
Cyprus;Nicosia;Lefkosía;Omorfíta;0.36;284;789
Cyprus;Nicosia;Lefkosía;Panagía;5.62;12,398;2,206
Cyprus;Nicosia;Lefkosía;Taktelkalé;0.3;826;2,753
Cyprus;Nicosia;Lefkosía;Tampák Chané;0.03;299;9,967
Cyprus;Nicosia;Lefkosía;Trypiótis;0.96;2,158;2,248
Cyprus;Nicosia;Stróvolos;Ágios Dimítrios;2.32;11,464;4,941
Cyprus;Nicosia;Stróvolos;Ágios Vasíleios;8.38;22,251;2,655
Cyprus;Nicosia;Stróvolos;Apóstolos Varnávas kai Ágios Makários;8.04;13,995;1,741
Cyprus;Nicosia;Stróvolos;Chryseleoúsa;6.12;17,386;2,841
Cyprus;Nicosia;Stróvolos;Ethnomártyras Kyprianós;0.23;1,624;7,061
Cyprus;Nicosia;Stróvolos;Stavrós;0.19;1,184;6,232
Cyprus;Nicosia;Synoikismos Anthoupolis;Synoikismos Anthoupolis;0.44;1,756;3,991
Estonia;Tallinn;Haabersti;;22.26;45,339;2,037
Estonia;Tallinn;Kesklinn;;30.56;63,406;2,075
Estonia;Tallinn;Kristiine;;7.84;33,202;4,235
Estonia;Tallinn;Lasnamäe;;27.47;119,542;4,352
Estonia;Tallinn;Mustamäe;;8.09;68,211;8,432
Estonia;Tallinn;Nõmme;;29.17;39,540;1,356
Estonia;Tallinn;Pirita;;18.73;18,606;993
Estonia;Tallinn;Põhja-Tallinn;;15.9;60,203;3,786
Latvia;Riga;Central District;;3;26,466;8,822
Latvia;Riga;Kurzeme District;;79;134,817;1,707
Latvia;Riga;Latgale Suburb;;50;197,166;3,943
Latvia;Riga;Northern District;;77;81,972;1,065
Latvia;Riga;Vidzeme Suburb;;57;173,124;3,037
Latvia;Riga;Zemgale Suburb;;41;106,068;2,587
Slovenia;Ljubljana;Šiška;;7.36;35,532;4,828
Slovenia;Ljubljana;Bežigrad;;7.24;34,670;4,789
Slovenia;Ljubljana;Center;;5.07;25,795;5,088
Slovenia;Ljubljana;Moste;;3.4;21,659;6,370
Slovenia;Ljubljana;Polje;;2.21;20,394;9,228
Slovenia;Ljubljana;Rožnik;;8.35;17,014;2,038
Slovenia;Ljubljana;Trnovo;;7.18;16,777;2,337
Slovenia;Ljubljana;Dravlje;;1.11;15,645;14,095
Slovenia;Ljubljana;Jarše;;9.06;14,394;1,589
Slovenia;Ljubljana;Šentvid;;1.58;14,216;8,997
Slovenia;Ljubljana;Vič;;1.43;13,995;9,787
Slovenia;Ljubljana;Rudnik;;2.54;13,905;5,474
Slovenia;Ljubljana;Golovec;;8.27;12,199;1,475
Slovenia;Ljubljana;Črnuče;;1.81;11,641;6,431
Slovenia;Ljubljana;Posavje;;9.05;9,901;1,094
Slovenia;Ljubljana;Sostro;;8.85;6,816;770
Slovenia;Ljubljana;Šmarna;;1.44;4,965;3,448
Lithuania;Vilnius;;;;;#DIV/0!
Croatia;Zagreb;Donji Grad;;3.01;37,123;12,333
Croatia;Zagreb;Gornji Grad – Medveščak;;10.12;31,279;3,091
Croatia;Zagreb;Trnje;;7.37;42,126;5,716
Croatia;Zagreb;Maksimir;;14.35;49,448;3,446
Croatia;Zagreb;Peščenica – Žitnjak;;35.3;56,446;1,599
Croatia;Zagreb;Novi Zagreb – istok;;16.54;59,227;3,581
Croatia;Zagreb;Novi Zagreb – zapad;;62.59;58,025;927
Croatia;Zagreb;Trešnjevka – sjever;;5.83;55,342;9,493
Croatia;Zagreb;Trešnjevka – jug;;9.84;66,595;6,768
Croatia;Zagreb;Črnomerec;;24.33;39,040;1,605
Croatia;Zagreb;Gornja Dubrava;;40.28;62,221;1,545
Croatia;Zagreb;Donja Dubrava;;10.82;36,461;3,370
Croatia;Zagreb;Stenjevec;;12.18;51,849;4,257
Croatia;Zagreb;Podsused – Vrapče;;36.05;45,771;1,270
Croatia;Zagreb;Podsljeme;;60.11;19,249;320
Croatia;Zagreb;Sesvete;;165.26;70,633;427
Croatia;Zagreb;Brezovica;;127.45;12,040;94
Ireland;Dublin;;;;;#DIV/0!
Slovakia;Bratislava;Staré Mesto;;9.59;40,610;4,235
Slovakia;Bratislava;Ružinov;;39.7;72,718;1,832
Slovakia;Bratislava;Vrakuňa;;10.3;20,173;1,959
Slovakia;Bratislava;Podunajské Biskupice;;42.49;22,029;518
Slovakia;Bratislava;Nové Mesto;;37.48;38,482;1,027
Slovakia;Bratislava;Rača;;23.66;22,088;934
Slovakia;Bratislava;Vajnory;;13.53;5,872;434
Slovakia;Bratislava;Karlova Ves;;10.95;33,586;3,067
Slovakia;Bratislava;Dúbravka;;8.65;33,324;3,852
Slovakia;Bratislava;Lamač;;6.54;7,232;1,106
Slovakia;Bratislava;Devín;;13.96;1,538;110
Slovakia;Bratislava;Devínska Nová Ves;;24.22;15,940;658
Slovakia;Bratislava;Záhorská Bystrica;;33.3;5,171;155
Slovakia;Bratislava;Petržalka;;28.68;103,190;3,598
Slovakia;Bratislava;Jarovce;;21.34;2,200;103
Slovakia;Bratislava;Rusovce;;25.56;3,964;155
Slovakia;Bratislava;Čunovo;;18.62;1,447;78
Finland;Helsinki;;;;;#DIV/0!
Denmark;Copenhagen;Amager East;;9.11;57673;6,331
Denmark;Copenhagen;Amager Vest;;19.18;71755;3,741
Denmark;Copenhagen;Bispebjerg;;6.83;55239;8,088
Denmark;Copenhagen;Brønshøj-Husum;;8.73;44741;5,125
Denmark;Copenhagen;Indre By;;8.98;55493;6,180
Denmark;Copenhagen;Nørrebro;;4.1;80572;19,652
Denmark;Copenhagen;Østerbro;;8.74;79276;9,070
Denmark;Copenhagen;Valby;;9.23;56274;6,097
Denmark;Copenhagen;Vanløse;;6.69;40843;6,105
Denmark;Copenhagen;Vesterbro Kongens Enghave;;8.18;67884;8,299
Bulgaria;Sofia;Sredets;;3;32,423;10,808
Bulgaria;Sofia;Krasno selo;;7;83,552;11,936
Bulgaria;Sofia;Vazrazhdane;;3;37,303;12,434
Bulgaria;Sofia;Oborishte;;3;31,060;10,353
Bulgaria;Sofia;Serdika;;18;46,949;2,608
Bulgaria;Sofia;Poduyane;;11;76,672;6,970
Bulgaria;Sofia;Slatina;;13;66,702;5,131
Bulgaria;Sofia;Izgrev;;5;30,896;6,179
Bulgaria;Sofia;Lozenets;;9;53,080;5,898
Bulgaria;Sofia;Triaditsa;;10;63,451;6,345
Bulgaria;Sofia;Krasna polyana;;9;58,234;6,470
Bulgaria;Sofia;Ilinden;;3;33,236;11,079
Bulgaria;Sofia;Nadezhda;;19;67,905;3,574
Bulgaria;Sofia;Iskar;;26;63,248;2,433
Bulgaria;Sofia;Mladost;;17;102,899;6,053
Bulgaria;Sofia;Studentski;;9;71,961;7,996
Bulgaria;Sofia;Vitosha;;123;61,467;500
Bulgaria;Sofia;Ovcha kupel;;42;54,320;1,293
Bulgaria;Sofia;Lyulin;;22;114,910;5,223
Bulgaria;Sofia;Vrabnitsa;;44;47,969;1,090
Bulgaria;Sofia;Novi Iskar;;220;28,991;132
Bulgaria;Sofia;Kremikovtsi;;256;23,641;92
Bulgaria;Sofia;Pancharevo;;407;28,586;70
Bulgaria;Sofia;Bankya;;53;12,136;229
Austria;Vienna;Innere Stadt;;2.88;16,306;5,662
Austria;Vienna;Leopoldstadt;;19.27;104,946;5,446
Austria;Vienna;Landstraße;;7.42;91,745;12,365
Austria;Vienna;Wieden;;1.80;33,263;18,479
Austria;Vienna;Margareten;;2.03;55,407;27,294
Austria;Vienna;Mariahilf;;1.48;31,864;21,530
Austria;Vienna;Neubau;;1.61;32,288;20,055
Austria;Vienna;Josefstadt;;1.08;25,466;23,580
Austria;Vienna;Alsergrund;;2.99;41,958;14,033
Austria;Vienna;Favoriten;;31.8;204,142;6,420
Austria;Vienna;Simmering;;23.23;103,008;4,434
Austria;Vienna;Meidling;;8.21;97,634;11,892
Austria;Vienna;Hietzing;;37.7;53,778;1,426
Austria;Vienna;Penzing;;33.96;92,990;2,738
Austria;Vienna;Rudolfsheim-Fünfhaus;;3.92;77,621;19,801
Austria;Vienna;Ottakring;;8.67;103,785;11,971
Austria;Vienna;Hernals;;11.35;57,292;5,048
Austria;Vienna;Währing;;6.28;51,587;8,214
Austria;Vienna;Döbling;;24.9;72,947;2,930
Austria;Vienna;Brigittenau;;5.68;86,502;15,229
Austria;Vienna;Floridsdorf;;44.46;165,673;3,726
Austria;Vienna;Donaustadt;;102.34;191,008;1,866
Austria;Vienna;Liesing;;32.00;106,281;3,321
Hungary;Budapest;District I;Buda Castle, Tabán, Gellérthegy, Krisztinaváros, southern Víziváros;3.41;24,528;7,193
Hungary;Budapest;District II;Adyliget, Budakeszierdő, Budaliget, Csatárka, Erzsébetliget, Erzsébettelek, Felhévíz, Gercse, Hársakalja, Hárshegy, Hűvösvölgy, Kővár, Kurucles, Lipótmező, Máriaremete, Nyék, Országút, Pálvölgy, Pasarét, Pesthidegkút-Ófalu, Petneházy-rét, Remetekertváros, Rézmál, Rózsadomb, Szemlőhegy, Széphalom, Szépilona, Szépvölgy, Törökvész, Újlak, Vérhalom, northern Víziváros, Zöldmál.;36.34;88,011;2,422
Hungary;Budapest;District III;Óbuda, Aquincum, Aranyhegy, Békásmegyer, Csillaghegy, Csúcshegy, Filatorigát, Hármashatár-hegy, Kaszásdűlő, Mátyáshegy, Mocsárosdűlő, Óbudai-sziget, Remetehegy, Rómaifürdő, Solymárvölgy, Szépvölgy, Táborhegy, Testvérhegy, Törökkő, Ürömhegy, Újlak.;39.69;123,889;3,121
Hungary;Budapest;District IV;Újpest, Megyer, Káposztásmegyer, Székesdűlő, Istvántelek.;18.82;99,050;5,263
Hungary;Budapest;District V;Inner City, Lipótváros;2.59;27,342;10,557
Hungary;Budapest;District VI;Terézváros;2.38;43,377;18,226
Hungary;Budapest;District VII;Erzsébetváros;2.09;64,767;30,989
Hungary;Budapest;District VII;Józsefváros, Kerepesdűlő, Tisztviselőtelep;6.85;85,173;12,434
Hungary;Budapest;District IX;Ferencváros, Gubacsidűlő, József Attila-lakótelep;12.53;63,697;5,084
Hungary;Budapest;District X;Felsőrákos, Gyárdűlő, Keresztúridűlő, Kőbánya-Kertváros;32.5;81,475;2,507
Hungary;Budapest;District XI;Albertfalva, Dobogó, Gazdagrét, Gellérthegy, Hosszúrét, Kamaraerdő, Kelenföld, Kelenvölgy, Kőérberek, Lágymányos, Madárhegy, Őrmező, Örsöd, Péterhegy, Pösingermajor, Sasad, Sashegy, Spanyolrét, Tabán;33.47;145,510;4,347
Hungary;Budapest;District XII;Budakeszierdő, Csillebérc, Farkasrét, Farkasvölgy, Istenhegy, Jánoshegy, Kissvábhegy, Krisztinaváros, Kútvölgy, Magasút, Mártonhegy, Németvölgy, Orbánhegy, Sashegy, Svábhegy, Széchenyihegy, Virányos.;26.67;55,776;2,091
Hungary;Budapest;District XIII;Újlipótváros, Angyalföld, Vizafogó, Népsziget, Göncz Árpád városközpont;13.44;118,320;8,804
Hungary;Budapest;District XIV;Alsórákos, Herminamező, Istvánmező, Kiszugló, Nagyzugló, Rákosfalva, Törökőr, City Park;18.15;123,786;6,820
Hungary;Budapest;District XV;Rákospalota, Pestújhely, Újpalota;26.95;79,779;2,960
Hungary;Budapest;District XVI;Mátyásföld, Sashalom, Cinkota, Rákosszentmihály, Árpádföld, Kisszentmihály, Ilonatelep, Petőfikert, Nagyiccetelep, Szentgyörgytelep, Szabadságtelep, Huszkatelep;33.52;68,235;2,036
Hungary;Budapest;District XVII;Rákoskeresztúr, Rákoscsaba, Rákoscsaba-Újtelep, Rákosliget, Rákoshegy, Rákoskert, Akadémiaújtelep, Madárdomb, Régiakadémiatelep;54.83;78,537;1,432
Hungary;Budapest;District XVIII;Pestszentlőrinc, Pestszentimre;38.61;94,663;2,452
Hungary;Budapest;District XIX;Kispest, Wekerletelep;9.38;62,210;6,632
Hungary;Budapest;District XX;Gubacsipuszta, Kossuthfalva, Pacsirtatelep, Pesterzsébet, Pesterzsébet-Szabótelep;12.18;63,887;5,245
Hungary;Budapest;District XXI;Csepel;25.75;76,976;2,989
Hungary;Budapest;District XXII;Budatétény, Nagytétény, Budafok;34.25;51,071;1,491
Hungary;Budapest;District XXIII;Soroksár;40.78;19,982;490
Sweden;Stockholm;Älvsjö;;9.11;27,500;3,019
Sweden;Stockholm;Bromma;;25.99;72,000;2,770
Sweden;Stockholm;Enskede-Årsta-Vantör;;;96,916;#DIV/0!
Sweden;Stockholm;Farsta;;15.40;55,300;3,591
Sweden;Stockholm;Hägersten-Liljeholmen;;;83,283;#DIV/0!
Sweden;Stockholm;Hässelby-Vällingby;;19.6;71,042;3,625
Sweden;Stockholm;Kungsholmen;;4.85;68,016;14,024
Sweden;Stockholm;Norrmalm;;4.95;69,592;14,059
Sweden;Stockholm;Östermalm;;18.00;61,253;3,403
Sweden;Stockholm;Rinkeby-Kista;;;48,828;#DIV/0!
Sweden;Stockholm;Skärholmen;;8.86;33,662;3,799
Sweden;Stockholm;Skarpnäck;;15.66;45,340;2,895
Sweden;Stockholm;Södermalm;;;126,736;#DIV/0!
Sweden;Stockholm;Spånga-Tensta;;12.85;39,082;3,041
Portugal;Lisbon;;;;;#DIV/0!
Czech Republic;Prague;Prague 1;;5.53;34,581;6,253
Czech Republic;Prague;Prague 2;;4.19;51,003;12,173
Czech Republic;Prague;Prague 3;;6.49;72,840;11,223
Czech Republic;Prague;Prague 4;;24.19;131,597;5,440
Czech Republic;Prague;Prague 5;;27.5;77,170;2,806
Czech Republic;Prague;Prague 6;;41.54;101,252;2,437
Czech Republic;Prague;Prague 7;;7.10;40,839;5,752
Czech Republic;Prague;Prague 8;;21.80;102,761;4,714
Czech Republic;Prague;Prague 9;;13.31;41,863;3,145
Czech Republic;Prague;Prague 10;;18.60;108,609;5,839
Czech Republic;Prague;Prague 11;;9.80;81,245;8,290
Czech Republic;Prague;Prague 12;;23.31;54,856;2,353
Czech Republic;Prague;Prague 13;;13.23;52,457;3,965
Czech Republic;Prague;Prague 14;;13.53;36,778;2,718
Czech Republic;Prague;Prague 15;;10.24;27,410;2,677
Czech Republic;Prague;Prague 16;;9.31;7,089;761
Czech Republic;Prague;Prague 17;;3.26;23,252;7,133
Czech Republic;Prague;Prague 18;;5.61;14,275;2,545
Czech Republic;Prague;Prague 19;;5.99;4,592;767
Czech Republic;Prague;Prague 20;;16.95;13,036;769
Czech Republic;Prague;Prague 21;;10.15;7,116;701
Czech Republic;Prague;Prague 22;;15.61;4,629;297
Greece;Athens;;;;;#DIV/0!
Belgium;Brussels;Anderlecht;;17.7;118,241;6,680
Belgium;Brussels;Auderghem;;9;33,313;3,701
Belgium;Brussels;Berchem-Sainte-Agathe;;2.9;24,701;8,518
Belgium;Brussels;Bruxelles-Ville;;32.6;176,545;5,415
Belgium;Brussels;Etterbeek;;3.1;47,414;15,295
Belgium;Brussels;Evere;;5;40,394;8,079
Belgium;Brussels;Forest;;6.2;55,746;8,991
Belgium;Brussels;Ganshoren;;2.5;24,596;9,838
Belgium;Brussels;Ixelles;;6.3;86,244;13,690
Belgium;Brussels;Jette;;5;51,933;10,387
Belgium;Brussels;Koekelberg;;1.2;21,609;18,008
Belgium;Brussels;Molenbeek-Saint-Jean;;5.9;96,629;16,378
Belgium;Brussels;Saint-Gilles;;2.5;50,471;20,188
Belgium;Brussels;Saint-Josse-ten-Noode;;1.1;27,115;24,650
Belgium;Brussels;Schaerbeek;;8.1;133,042;16,425
Belgium;Brussels;Uccle;;22.9;82,307;3,594
Belgium;Brussels;Watermael-Boitsfort;;12.9;24,871;1,928
Belgium;Brussels;Woluwe-Saint-Lambert;;7.2;55,216;7,669
Belgium;Brussels;Woluwe-Saint-Pierre;;8.9;41,217;4,631
Netherlands;Amsterdam;Centrum;;8.04;86,422;10,749
Netherlands;Amsterdam;Noord;;49.01;94,766;1,934
Netherlands;Amsterdam;Nieuw-West;;32.38;151,677;4,684
Netherlands;Amsterdam;Oost;;30.56;135,767;4,443
Netherlands;Amsterdam;West;;9.89;143,842;14,544
Netherlands;Amsterdam;Westpoort;;10;192;19
Netherlands;Amsterdam;Zuid;;17.41;144,432;8,296
Netherlands;Amsterdam;Zuidoost;;22.08;87,854;3,979
Romania;Bucharest;Sector 1;Dorobanți, Băneasa, Aviației, Pipera, Aviatorilor, Primăverii, Romană, Victoriei, Parque Herăstrău, Bucureștii Noi, Dămăroaia, Strǎulești, Grivița, 1 Mai, Băneasa Forest, Pajura, Domenii, Chibrit;67.5;227,717.00;3,374
Romania;Bucharest;Sector 2;Pantelimon, Colentina, Iancului, Tei, Floreasca, Moșilor, Obor, Vatra Luminoasă, Fundeni, Plumbuita, Ștefan cel Mare, Baicului;32;357,338.00;11,167
Romania;Bucharest;Sector 3;Vitan, Dudești, Titan, Centrul Civic, Dristor, Lipscani, Muncii, Unirii;34;399,231.00;11,742
Romania;Bucharest;Sector 4;Berceni, Olteniței, Giurgiului, Progresul, Văcărești, Timpuri Noi, Tineretului;34;300,331.00;8,833
Romania;Bucharest;Sector 5;Rahova, Ferentari, Giurgiului, Cotroceni, 13 Septembrie, Dealul Spirii;30;288,690.00;9,623
Romania;Bucharest;Sector 6;Giulești, Crângași, Drumul Taberei, Militari, Grozăvești (também conhecido como Regie), Ghencea;38;371,060.00;9,765
Poland;Warsaw;Mokotów;;35.4;220,682;6,234
Poland;Warsaw;Praga Południe;;22.4;178,665;7,976
Poland;Warsaw;Ursynów;;48.6;145,938;3,003
Poland;Warsaw;Wola;;19.26;137,519;7,140
Poland;Warsaw;Bielany;;32.3;132,683;4,108
Poland;Warsaw;Targówek;;24.37;123,278;5,059
Poland;Warsaw;Śródmieście;;15.57;122,646;7,877
Poland;Warsaw;Bemowo;;24.95;115,873;4,644
Poland;Warsaw;Białołęka;;73.04;96,588;1,322
Poland;Warsaw;Ochota;;29.7;84,990;2,862
Poland;Warsaw;Wawer;;79.71;69,896;877
Poland;Warsaw;Praga Północ;;11.4;69,510;6,097
Poland;Warsaw;Ursus;;29.35;53,755;1,832
Poland;Warsaw;Żoliborz;;28.5;48,342;1,696
Poland;Warsaw;Włochy;;28.63;38,075;1,330
Poland;Warsaw;Wilanów;;36.73;23,960;652
Poland;Warsaw;Rembertów;;19.3;23,280;1,206
Poland;Warsaw;Wesoła;;22.6;22,811;1,009
Spain;Madrid;Centro;;5.2282;131,928;25,234
Spain;Madrid;Arganzuela;;6.4622;151,965;23,516
Spain;Madrid;Retiro;;5.4662;118,516;21,682
Spain;Madrid;Salamanca;;5.3924;143,800;26,667
Spain;Madrid;Chamartín;;9.1755;143,424;15,631
Spain;Madrid;Tetuán;;5.3747;153,789;28,614
Spain;Madrid;Chamberí;;4.6792;137,401;29,364
Spain;Madrid;Fuencarral-El Pardo;;237.8384;238,756;1,004
Spain;Madrid;Moncloa-Aravaca;;46.5311;116,903;2,512
Spain;Madrid;Latina;;25.4272;233,808;9,195
Spain;Madrid;Carabanchel;;14.0483;243,998;17,369
Spain;Madrid;Usera;;7.7777;134,791;17,330
Spain;Madrid;Puente de Vallecas;;14.9686;227,595;15,205
Spain;Madrid;Moratalaz;;6.1032;94,197;15,434
Spain;Madrid;Ciudad Lineal;;11.4257;212,529;18,601
Spain;Madrid;Hortaleza;;27.4198;180,462;6,581
Spain;Madrid;Villaverde;;20.1876;142,608;7,064
Spain;Madrid;Villa de Vallecas;;51.4672;104,421;2,029
Spain;Madrid;Vicálvaro;;35.2667;70,051;1,986
Spain;Madrid;San Blas-Canillejas;;22.2924;154,357;6,924
Spain;Madrid;Barajas;;41.9228;46,876;1,118
Italy;Rome;;;;;#DIV/0!
United Kingdom;London;Barking and Dagenham;;36.09;211,998;5,874
United Kingdom;London;Barnet;;86.74;392,140;4,521
United Kingdom;London;Bexley;;60.56;247,258;4,083
United Kingdom;London;Brent;;43.24;330,795;7,650
United Kingdom;London;Bromley;;150.15;331,096;2,205
United Kingdom;London;Camden;;21.8;262,226;12,029
United Kingdom;London;City of London;;2.9;8,706;3,002
United Kingdom;London;City of Westminster;;21.48;255,324;11,887
United Kingdom;London;Croydon;;86.52;385,346;4,454
United Kingdom;London;Ealing;;55.53;341,982;6,159
United Kingdom;London;Enfield;;80.83;333,869;4,131
United Kingdom;London;Greenwich;;47.34;286,186;6,045
United Kingdom;London;Hackney;;19.06;279,665;14,673
United Kingdom;London;Hammersmith and Fulham;;16.4;185,426;11,306
United Kingdom;London;Haringey;;29.59;270,624;9,146
United Kingdom;London;Harrow;;50.47;250,149;4,956
United Kingdom;London;Havering;;112.36;257,810;2,294
United Kingdom;London;Hillingdon;;115.7;304,824;2,635
United Kingdom;London;Hounslow;;55.99;270,782;4,836
United Kingdom;London;Islington;;14.86;239,142;16,093
United Kingdom;London;Kensington and Chelsea;;12.13;156,197;12,877
United Kingdom;London;Kingston upon Thames;;37.25;175,470;4,711
United Kingdom;London;Lambeth;;26.82;325,917;12,152
United Kingdom;London;Lewisham;;35.15;303,536;8,635
United Kingdom;London;Merton;;37.61;206,186;5,482
United Kingdom;London;Newham;;36.22;352,005;9,719
United Kingdom;London;Redbridge;;56.41;303,858;5,387
United Kingdom;London;Richmond upon Thames;;57.42;196,904;3,429
United Kingdom;London;Southwark;;28.85;317,256;10,997
United Kingdom;London;Sutton;;43.85;204,525;4,664
United Kingdom;London;Tower Hamlets;;19.77;317,705;16,070
United Kingdom;London;Waltham Forest;;38.81;276,700;7,130
United Kingdom;London;Wandsworth;;34.26;326,474;9,529
Germany;Berlin;Berlin-Mitte;Berlin-Mitte;39.32;383,457;9,752
Germany;Berlin;Berlin-Mitte;Gesundbrunnen;6.11;95,241;15,588
Germany;Berlin;Berlin-Mitte;Hansaviertel;0.53;5,880;11,094
Germany;Berlin;Berlin-Mitte;Mitte;10.64;101,125;9,504
Germany;Berlin;Berlin-Mitte;Moabit;7.69;79,593;10,350
Germany;Berlin;Berlin-Mitte;Tiergarten;5.16;14,689;2,847
Germany;Berlin;Berlin-Mitte;Wedding;9.2;86,929;9,449
Germany;Berlin;Charlottenburg - Wilmersdorf;Charlottenburg - Wilmersdorf;64.45;341,327;5,296
Germany;Berlin;Charlottenburg - Wilmersdorf;Charlottenburg;10.42;129,851;12,462
Germany;Berlin;Charlottenburg - Wilmersdorf;Charlottenburg-Nord;6.18;19,502;3,156
Germany;Berlin;Charlottenburg - Wilmersdorf;Grunewald;22.44;10,824;482
Germany;Berlin;Charlottenburg - Wilmersdorf;Halensee;1.09;15,521;14,239
Germany;Berlin;Charlottenburg - Wilmersdorf;Schmargendorf;3.58;22,090;6,170
Germany;Berlin;Charlottenburg - Wilmersdorf;Westend;13.61;41,777;3,070
Germany;Berlin;Charlottenburg - Wilmersdorf;Wilmersdorf;7.13;101,762;14,272
Germany;Berlin;Friedrichshain - Kreuzberg;Friedrichshain - Kreuzberg;20.25;289,120;14,278
Germany;Berlin;Friedrichshain - Kreuzberg;Friedrichshain;9.91;133,754;13,497
Germany;Berlin;Friedrichshain - Kreuzberg;Kreuzberg;10.34;155,366;15,026
Germany;Berlin;Lichtenberg;Lichtenberg;51.95;290,493;5,592
Germany;Berlin;Lichtenberg;Alt-Hohenschönhausen;9.3;48,726;5,239
Germany;Berlin;Lichtenberg;Falkenberg;3.04;1,541;507
Germany;Berlin;Lichtenberg;Fennpfuhl;2.11;33,746;15,993
Germany;Berlin;Lichtenberg;Friedrichsfelde;5.82;53,059;9,117
Germany;Berlin;Lichtenberg;Karlshorst;6.53;27,344;4,187
Germany;Berlin;Lichtenberg;Lichtenberg;7.19;40,891;5,687
Germany;Berlin;Lichtenberg;Malchow;1.53;645;422
Germany;Berlin;Lichtenberg;Neu-Hohenschönhausen;5.14;56,520;10,996
Germany;Berlin;Lichtenberg;Rummelsburg;4.39;25,498;5,808
Germany;Berlin;Lichtenberg;Wartenberg;6.89;2,523;366
Germany;Berlin;Marzahn - Hellersdorf;Marzahn - Hellersdorf;61.59;268,739;4,363
Germany;Berlin;Marzahn - Hellersdorf;Biesdorf;12.39;27,412;2,212
Germany;Berlin;Marzahn - Hellersdorf;Hellersdorf;8.11;81,536;10,054
Germany;Berlin;Marzahn - Hellersdorf;Kaulsdorf;8.69;19,374;2,229
Germany;Berlin;Marzahn - Hellersdorf;Mahlsdorf;12.94;29,156;2,253
Germany;Berlin;Marzahn - Hellersdorf;Marzahn;19.46;111,261;5,717
Germany;Berlin;Neukölln;Neukölln;44.77;330,786;7,389
Germany;Berlin;Neukölln;Britz;12.35;42,846;3,469
Germany;Berlin;Neukölln;Buckow;6.33;40,859;6,455
Germany;Berlin;Neukölln;Gropiusstadt;2.65;37,533;14,163
Germany;Berlin;Neukölln;Neukölln;11.67;167,051;14,315
Germany;Berlin;Neukölln;Rudow;11.77;42,497;3,611
Germany;Berlin;Pankow;Pankow;102.72;407,039;3,963
Germany;Berlin;Pankow;Blankenburg;6.04;6,872;1,138
Germany;Berlin;Pankow;Blankenfelde;13.27;2,285;172
Germany;Berlin;Pankow;Buch;18.09;16,467;910
Germany;Berlin;Pankow;Französisch Buchholz;11.99;21,321;1,778
Germany;Berlin;Pankow;Heinersdorf;3.85;7,661;1,990
Germany;Berlin;Pankow;Karow;6.61;19,577;2,962
Germany;Berlin;Pankow;Niederschönhausen;6.47;31,827;4,919
Germany;Berlin;Pankow;Pankow;5.63;63,898;11,350
Germany;Berlin;Pankow;Prenzlauer Berg;10.97;164,792;15,022
Germany;Berlin;Pankow;Rosenthal;4.88;9,469;1,940
Germany;Berlin;Pankow;Stadtrandsiedlung Malchow;5.66;1,131;200
Germany;Berlin;Pankow;Weißensee;7.9;53,951;6,829
Germany;Berlin;Pankow;Wilhelmsruh;1.36;7,788;5,726
Germany;Berlin;Reinickendorf;Reinickendorf;88.97;264,826;2,977
Germany;Berlin;Reinickendorf;Borsigwalde;2.04;6,757;3,312
Germany;Berlin;Reinickendorf;Frohnau;7.8;16,828;2,157
Germany;Berlin;Reinickendorf;Heiligensee;10.66;18,072;1,695
Germany;Berlin;Reinickendorf;Hermsdorf;6.01;16,643;2,769
Germany;Berlin;Reinickendorf;Konradshöhe;2.17;6,026;2,777
Germany;Berlin;Reinickendorf;Lübars;4.99;5,185;1,039
Germany;Berlin;Reinickendorf;Märkisches Viertel;3.24;39,914;12,319
Germany;Berlin;Reinickendorf;Reinickendorf;10.44;83,294;7,978
Germany;Berlin;Reinickendorf;Tegel;33.53;36,508;1,089
Germany;Berlin;Reinickendorf;Waidmannslust;2.24;10,969;4,897
Germany;Berlin;Reinickendorf;Wittenau;5.87;24,630;4,196
Germany;Berlin;Spandau;Spandau;91.5;243,080;2,657
Germany;Berlin;Spandau;Falkenhagener Feld;6.86;38,691;5,640
Germany;Berlin;Spandau;Gatow;10.08;3,823;379
Germany;Berlin;Spandau;Hakenfelde;20.31;29,810;1,468
Germany;Berlin;Spandau;Haselhorst;4.71;15,703;3,334
Germany;Berlin;Spandau;Kladow;14.69;16,054;1,093
Germany;Berlin;Spandau;Siemensstadt;5.64;12,577;2,230
Germany;Berlin;Spandau;Spandau;7.99;39,785;4,979
Germany;Berlin;Spandau;Staaken;10.84;46,019;4,245
Germany;Berlin;Spandau;Wilhelmstadt;10.38;40,618;3,913
Germany;Berlin;Steglitz - Zehlendorf;Steglitz - Zehlendorf;102.15;308,077;3,016
Germany;Berlin;Steglitz - Zehlendorf;Dahlem;8.36;16,754;2,004
Germany;Berlin;Steglitz - Zehlendorf;Lankwitz;6.97;43,114;6,186
Germany;Berlin;Steglitz - Zehlendorf;Lichterfelde;18.15;85,465;4,709
Germany;Berlin;Steglitz - Zehlendorf;Nikolassee;19.53;16,662;853
Germany;Berlin;Steglitz - Zehlendorf;Steglitz;6.76;75,320;11,142
Germany;Berlin;Steglitz - Zehlendorf;Wannsee;23.61;10,246;434
Germany;Berlin;Steglitz - Zehlendorf;Zehlendorf;18.76;60,516;3,226
Germany;Berlin;Tempelhof - Schöneberg;Tempelhof - Schöneberg;52.91;351,429;6,642
Germany;Berlin;Tempelhof - Schöneberg;Friedenau;1.65;28,353;17,184
Germany;Berlin;Tempelhof - Schöneberg;Lichtenrade;10.01;51,587;5,154
Germany;Berlin;Tempelhof - Schöneberg;Mariendorf;9.35;52,710;5,637
Germany;Berlin;Tempelhof - Schöneberg;Marienfelde;9.1;32,364;3,556
Germany;Berlin;Tempelhof - Schöneberg;Schöneberg;10.6;123,555;11,656
Germany;Berlin;Tempelhof - Schöneberg;Tempelhof;12.2;62,860;5,152
Germany;Berlin;Treptow - Köpenick;Treptow - Köpenick;167.11;269,775;1,614
Germany;Berlin;Treptow - Köpenick;Adlershof;6.09;19,568;3,213
Germany;Berlin;Treptow - Köpenick;Altglienicke;7.86;28,470;3,622
Germany;Berlin;Treptow - Köpenick;Alt-Treptow;2.3;12,540;5,452
Germany;Berlin;Treptow - Köpenick;Baumschulenweg;4.8;18,562;3,867
Germany;Berlin;Treptow - Köpenick;Bohnsdorf;6.49;11,692;1,802
Germany;Berlin;Treptow - Köpenick;Friedrichshagen;13.98;19,054;1,363
Germany;Berlin;Treptow - Köpenick;Grünau;9.1;6,530;718
Germany;Berlin;Treptow - Köpenick;Johannisthal;6.52;19,939;3,058
Germany;Berlin;Treptow - Köpenick;Köpenick;34.77;65,770;1,892
Germany;Berlin;Treptow - Köpenick;Müggelheim;22.11;6,755;306
Germany;Berlin;Treptow - Köpenick;Niederschöneweide;3.48;12,557;3,608
Germany;Berlin;Treptow - Köpenick;Oberschöneweide;8.16;23,130;2,835
Germany;Berlin;Treptow - Köpenick;Plänterwald;3;11,321;3,774
Germany;Berlin;Treptow - Köpenick;Rahnsdorf;21.37;9,477;443
Germany;Berlin;Treptow - Köpenick;Schmöckwitz;17.08;4,410;258
France;Paris;Paris 10e Arrondissement;;2.89;91,932.00;31,810
France;Paris;Paris 11e Arrondissement;;3.67;147,017.00;40,059
France;Paris;Paris 12e Arrondissement;;6.38;141,494.00;22,178
France;Paris;Paris 13e Arrondissement;;7.15;181,552.00;25,392
France;Paris;Paris 14e Arrondissement;;5.62;137,105.00;24,396
France;Paris;Paris 15e Arrondissement;;8.5;233,484.00;27,469
France;Paris;Paris 16e Arrondissement;;7.85;165,446.00;21,076
France;Paris;Paris 17e Arrondissement;;5.67;167,835.00;29,601
France;Paris;Paris 18e Arrondissement;;6.01;195,060.00;32,456
France;Paris;Paris 19e Arrondissement;;6.79;186,393.00;27,451
France;Paris;Paris 1er Arrondissement;;1.83;16,252.00;8,881
France;Paris;Paris 20e Arrondissement;;5.98;195,604.00;32,710
France;Paris;Paris 2e Arrondissement;;0.99;20,260.00;20,465
France;Paris;Paris 3e Arrondissement;;1.17;34,788.00;29,733
France;Paris;Paris 4e Arrondissement;;1.6;27,487.00;17,179
France;Paris;Paris 5e Arrondissement;;2.54;59,108.00;23,271
France;Paris;Paris 6e Arrondissement;;2.15;40,916.00;19,031
France;Paris;Paris 7e Arrondissement;;4.09;52,512.00;12,839
France;Paris;Paris 8e Arrondissement;;3.88;36,453.00;9,395
France;Paris;Paris 9e Arrondissement;;2.18;59,629.00;27,353
